year,month,voivodeship,temperature,humidity
2018,01,małopolskie,-1.1496774193548387,89.85548387096775
2018,02,małopolskie,-2.1671428571428573,92.86642857142859
2018,03,małopolskie,-0.725483870967742,87.6441935483871
2018,04,małopolskie,10.383333333333333,72.17466666666665
2018,05,małopolskie,17.081612903225807,77.24967741935482
2018,06,małopolskie,21.103,83.94233333333334
2018,07,małopolskie,17.529677419354837,83.60354838709678
2018,08,małopolskie,16.904193548387095,85.10548387096775
2018,09,małopolskie,11.218333333333334,86.591
2018,10,małopolskie,7.087741935483871,81.73612903225806
2018,11,małopolskie,1.4506666666666668,87.16366666666666
2018,12,małopolskie,-0.8874193548387097,89.26870967741935
2019,01,małopolskie,-3.1820833333333334,87.63708333333334
2019,02,małopolskie,1.8435714285714284,77.26571428571428
2019,03,małopolskie,2.098064516129032,79.50193548387097
2019,04,małopolskie,9.336333333333332,78.15033333333334
2019,06,małopolskie,20.587,74.31766666666667
2019,07,małopolskie,17.246129032258064,75.01870967741935
2019,08,małopolskie,16.884347826086955,81.98260869565217
2019,09,małopolskie,10.683333333333334,84.31466666666667
2019,10,małopolskie,6.702,81.50133333333333
2019,11,małopolskie,3.392333333333333,84.88433333333334
2019,12,małopolskie,0.2838709677419355,76.98354838709677
2020,01,małopolskie,-1.4135483870967742,75.74
2020,02,małopolskie,1.196206896551724,78.68551724137932
2020,03,małopolskie,0.5274193548387096,74.6058064516129
2020,04,małopolskie,6.436000000000001,58.537666666666674
2020,05,małopolskie,8.994193548387097,77.70870967741936
2020,06,małopolskie,16.247666666666667,88.23566666666667
2020,07,małopolskie,17.447741935483872,80.71225806451612
2020,08,małopolskie,17.912580645161288,81.37903225806451
2020,09,małopolskie,11.796,87.55566666666667
2020,10,małopolskie,6.877741935483871,88.8825806451613
2020,11,małopolskie,1.8553333333333333,84.878
2020,12,małopolskie,-1.2003225806451614,89.13129032258065
2021,01,małopolskie,-1.9516129032258065,87.61483870967741
2021,02,małopolskie,-0.885,83.47642857142857
2021,03,małopolskie,-0.5387096774193547,84.17967741935485
2021,04,małopolskie,3.9896666666666665,79.83200000000001
2021,05,małopolskie,10.524838709677418,75.79548387096774
2021,06,małopolskie,18.307333333333336,74.792
2021,07,małopolskie,19.501612903225805,82.28967741935485
2021,08,małopolskie,14.404516129032258,88.75064516129032
2021,09,małopolskie,10.745666666666667,89.43533333333333
2021,10,małopolskie,4.718064516129032,81.31806451612904
2021,11,małopolskie,1.7326666666666668,87.73033333333333
2021,12,małopolskie,0.06193548387096768,88.20870967741936
2022,01,małopolskie,1.901290322580645,84.48387096774194
2022,02,małopolskie,2.338214285714286,79.26107142857143
2022,03,małopolskie,-1.9948387096774192,73.66290322580646
2022,04,małopolskie,3.9653333333333336,81.88000000000001
2022,05,małopolskie,12.955483870967742,71.83516129032257
2022,06,małopolskie,17.259333333333334,72.55333333333333
2022,07,małopolskie,16.598387096774193,76.19451612903225
2022,08,małopolskie,16.88258064516129,86.70548387096774
2022,09,małopolskie,9.885333333333334,91.32466666666666
2022,10,małopolskie,7.779032258064516,83.05548387096773
2022,11,małopolskie,1.8086666666666666,89.92066666666666
2022,12,małopolskie,2.8664516129032256,85.92677419354838
2018,01,podkarpackie,-0.9503225806451613,84.51354838709678
2018,02,podkarpackie,-6.103928571428571,86.66178571428573
2018,03,podkarpackie,-3.074193548387097,87.13967741935484
2018,04,podkarpackie,11.745333333333333,82.95166666666667
2018,05,podkarpackie,16.364516129032257,81.97967741935483
2018,06,podkarpackie,18.198666666666668,85.148
2018,07,podkarpackie,19.245483870967742,85.03290322580645
2018,08,podkarpackie,18.81,93.30612903225806
2018,09,podkarpackie,12.829333333333333,92.43633333333334
2018,10,podkarpackie,6.377741935483871,90.03677419354838
2018,11,podkarpackie,2.4076666666666666,93.17833333333333
2018,12,podkarpackie,-0.3812903225806451,88.52387096774193
2019,01,podkarpackie,-2.5903225806451613,88.15548387096774
2019,02,podkarpackie,-0.9482142857142856,85.22714285714287
2019,03,podkarpackie,2.6719354838709677,84.15483870967742
2019,04,podkarpackie,8.070333333333334,76.84166666666667
2019,07,podkarpackie,19.556451612903224,80.61612903225806
2019,08,podkarpackie,18.91774193548387,90.14290322580645
2019,09,podkarpackie,12.562999999999999,93.66799999999999
2019,10,podkarpackie,6.412258064516129,93.25870967741936
2019,11,podkarpackie,3.798,93.63133333333333
2019,12,podkarpackie,1.4058064516129032,84.47
2020,01,podkarpackie,-1.443225806451613,85.54935483870969
2020,02,podkarpackie,0.7068965517241379,83.5296551724138
2020,03,podkarpackie,1.8135483870967741,82.85129032258064
2020,04,podkarpackie,7.112666666666667,72.29333333333334
2020,05,podkarpackie,11.766774193548386,82.7258064516129
2020,06,podkarpackie,18.78533333333333,89.02366666666667
2020,07,podkarpackie,19.57,86.7441935483871
2020,08,podkarpackie,19.52064516129032,91.12258064516129
2020,09,podkarpackie,12.161666666666667,96.33666666666666
2020,10,podkarpackie,8.42,90.85516129032258
2020,11,podkarpackie,3.1393333333333335,86.59666666666666
2020,12,podkarpackie,-0.6474193548387097,89.94516129032259
2021,01,podkarpackie,-1.691935483870968,85.47032258064516
2021,02,podkarpackie,-3.1028571428571428,87.03785714285713
2021,03,podkarpackie,0.4396774193548387,86.4132258064516
2021,04,podkarpackie,5.224666666666667,82.88733333333333
2021,05,podkarpackie,12.797419354838711,76.45903225806451
2021,06,podkarpackie,18.133333333333333,80.01380952380953
2021,07,podkarpackie,21.979166666666668,83.58291666666666
2021,08,podkarpackie,16.518064516129034,88.23354838709676
2021,09,podkarpackie,10.852,92.18333333333334
2021,10,podkarpackie,3.955806451612903,89.11322580645161
2021,11,podkarpackie,2.154333333333333,91.148
2021,12,podkarpackie,-2.1461290322580644,90.12193548387097
2022,01,podkarpackie,-1.426774193548387,84.48354838709676
2022,02,podkarpackie,0.14785714285714285,80.37892857142857
2022,03,podkarpackie,0.2806451612903226,83.13709677419355
2022,04,podkarpackie,5.935666666666666,84.15366666666667
2022,05,podkarpackie,14.954193548387096,76.35774193548387
2022,06,podkarpackie,19.894333333333336,81.39566666666666
2022,07,podkarpackie,20.335806451612903,81.43903225806451
2022,08,podkarpackie,18.771935483870966,92.5067741935484
2022,09,podkarpackie,11.736666666666668,91.03033333333333
2022,10,podkarpackie,7.3587096774193546,93.44419354838709
2022,11,podkarpackie,2.1493333333333333,95.70466666666667
2022,12,podkarpackie,-0.1132258064516129,88.0890322580645
2018,01,dolnośląskie,1.191935483870968,81.09290322580645
2018,02,dolnośląskie,-5.092142857142858,84.84607142857143
2018,03,dolnośląskie,-1.5203225806451612,80.88709677419355
2018,04,dolnośląskie,11.895666666666667,71.93333333333334
2018,05,dolnośląskie,16.201612903225808,78.20774193548387
2018,06,dolnośląskie,19.11733333333333,74.50166666666668
2018,07,dolnośląskie,20.171290322580646,70.86709677419356
2018,08,dolnośląskie,19.796774193548384,72.06838709677419
2018,09,dolnośląskie,13.430333333333333,79.778
2018,10,dolnośląskie,8.056129032258065,77.75387096774193
2018,11,dolnośląskie,2.482666666666667,89.66266666666667
2018,12,dolnośląskie,2.0141935483870967,85.30225806451612
2019,01,dolnośląskie,-1.7296774193548388,85.53387096774195
2019,02,dolnośląskie,0.010714285714285803,76.71428571428571
2019,03,dolnośląskie,4.1003225806451615,78.99709677419354
2019,04,dolnośląskie,7.593333333333334,76.74600000000001
2019,07,dolnośląskie,19.22193548387097,70.51096774193549
2019,08,dolnośląskie,17.483548387096775,83.61516129032259
2019,09,dolnośląskie,12.259333333333334,82.31
2019,10,dolnośląskie,7.757096774193548,85.50612903225807
2019,11,dolnośląskie,4.8196551724137935,86.56758620689655
2019,12,dolnośląskie,2.1841935483870967,80.81838709677419
2020,01,dolnośląskie,0.06967741935483872,79.27870967741936
2020,02,dolnośląskie,3.1882758620689655,77.06413793103448
2020,03,dolnośląskie,1.8019354838709678,78.4716129032258
2020,04,dolnośląskie,7.78925925925926,65.1637037037037
2020,05,dolnośląskie,11.352666666666666,75.846
2020,06,dolnośląskie,16.908333333333335,85.70366666666668
2020,07,dolnośląskie,18.174838709677417,74.76451612903226
2020,08,dolnośląskie,17.603225806451615,83.53354838709677
2020,09,dolnośląskie,12.882333333333332,87.43966666666667
2020,10,dolnośląskie,8.770967741935483,87.29967741935484
2020,11,dolnośląskie,4.561333333333334,84.78833333333334
2020,12,dolnośląskie,1.2829032258064517,84.02258064516128
2021,01,dolnośląskie,-0.6054838709677419,88.86677419354838
2021,02,dolnośląskie,0.215,84.24538461538462
2021,03,dolnośląskie,1.1548387096774193,79.79290322580646
2021,04,dolnośląskie,5.016333333333334,76.40966666666667
2021,05,dolnośląskie,11.665862068965517,73.91413793103449
2021,06,dolnośląskie,19.930999999999997,75.27366666666667
2021,07,dolnośląskie,19.620322580645162,79.75
2021,08,dolnośląskie,15.891935483870967,82.97064516129032
2021,09,dolnośląskie,13.746,85.37066666666666
2021,10,dolnośląskie,6.231290322580644,81.55580645161291
2021,11,dolnośląskie,3.143666666666667,84.80166666666668
2021,12,dolnośląskie,-0.17258064516129032,86.63451612903226
2022,01,dolnośląskie,0.7006451612903226,84.01612903225806
2022,02,dolnośląskie,1.9617857142857142,78.84892857142857
2022,03,dolnośląskie,-0.1503225806451613,76.5525806451613
2022,04,dolnośląskie,6.421724137931034,80.96551724137932
2022,05,dolnośląskie,15.647096774193548,67.95483870967742
2022,06,dolnośląskie,20.081333333333337,70.05533333333332
2022,07,dolnośląskie,20.100666666666665,67.90433333333333
2022,08,dolnośląskie,19.913548387096775,82.56129032258065
2022,09,dolnośląskie,11.460333333333333,90.15766666666667
2022,10,dolnośląskie,8.981290322580646,84.82064516129033
2022,11,dolnośląskie,2.5513333333333335,90.591
2022,12,dolnośląskie,0.7861290322580645,85.26548387096774
2018,01,śląskie,0.09096774193548388,87.71935483870968
2018,02,śląskie,-5.277499999999999,89.23964285714285
2018,03,śląskie,-2.3116129032258064,88.58387096774193
2018,04,śląskie,11.225666666666665,75.40133333333333
2018,05,śląskie,15.896451612903226,80.9190322580645
2018,06,śląskie,18.519333333333336,81.94233333333334
2018,07,śląskie,18.94129032258065,80.55677419354839
2018,08,śląskie,17.936451612903223,84.00967741935484
2018,09,śląskie,11.99,89.721
2018,10,śląskie,6.2380645161290325,93.34322580645161
2018,11,śląskie,2.043103448275862,93.64310344827587
2018,12,śląskie,0.35225806451612907,94.93774193548387
2019,01,śląskie,-3.1929032258064516,92.97064516129032
2019,02,śląskie,-0.22392857142857148,86.33892857142857
2019,03,śląskie,2.5540000000000003,84.89899999999999
2019,04,śląskie,7.4830000000000005,75.477
2019,07,śląskie,19.008709677419354,76.06290322580645
2019,08,śląskie,17.82677419354839,87.43548387096774
2019,09,śląskie,11.731333333333334,88.94466666666668
2019,10,śląskie,6.379354838709677,92.49516129032257
2019,11,śląskie,4.413666666666667,91.99233333333333
2019,12,śląskie,1.1803225806451612,86.23516129032258
2020,01,śląskie,-0.6161290322580645,88.85516129032257
2020,02,śląskie,2.225862068965517,82.24103448275861
2020,03,śląskie,0.9973333333333333,81.45466666666667
2020,04,śląskie,6.0600000000000005,65.39366666666668
2020,05,śląskie,11.033870967741937,78.79677419354839
2020,06,śląskie,18.15,88.56
2020,07,śląskie,17.812258064516126,82.48483870967742
2020,08,śląskie,16.773870967741935,89.71096774193548
2020,09,śląskie,11.485000000000001,96.19466666666668
2020,10,śląskie,8.553548387096775,93.68451612903225
2020,11,śląskie,3.424,93.81400000000001
2020,12,śląskie,0.5306451612903226,93.92451612903226
2021,01,śląskie,-0.7638709677419355,92.56483870967743
2021,02,śląskie,-3.4014814814814818,91.82925925925926
2021,03,śląskie,0.40433333333333343,87.75966666666666
2021,04,śląskie,4.135,81.28466666666667
2021,05,śląskie,11.476129032258065,76.8625806451613
2021,06,śląskie,19.369666666666667,76.27533333333332
2021,07,śląskie,19.503548387096775,77.59548387096774
2021,08,śląskie,14.786451612903226,95.40387096774194
2021,09,śląskie,10.748333333333333,96.94766666666666
2021,10,śląskie,3.9396774193548385,89.79806451612905
2021,11,śląskie,2.320666666666667,90.67166666666667
2021,12,śląskie,-2.117857142857143,91.99857142857142
2022,01,śląskie,-0.9512903225806452,86.77967741935484
2022,02,śląskie,0.35464285714285715,82.74571428571429
2022,03,śląskie,-2.386451612903226,78.08967741935483
2022,04,śląskie,5.038666666666667,82.55233333333334
2022,05,śląskie,14.452333333333334,67.36666666666666
2022,06,śląskie,22.539666666666665,73.91866666666667
2022,07,śląskie,21.864838709677418,77.23032258064515
2022,08,śląskie,17.20935483870968,92.34903225806451
2022,09,śląskie,10.053333333333335,91.56099999999999
2022,10,śląskie,7.4474193548387095,92.0667741935484
2022,11,śląskie,1.6796666666666666,94.44
2022,12,śląskie,0.799655172413793,90.11344827586207
2018,01,pomorskie,-0.9774193548387097,95.0
2018,02,pomorskie,-6.778571428571429,90.67857142857143
2018,03,pomorskie,-3.041935483870968,85.0
2018,04,pomorskie,8.879999999999999,79.53333333333333
2018,05,pomorskie,18.425806451612903,65.29032258064517
2018,06,pomorskie,20.403333333333332,67.33333333333333
2018,07,pomorskie,21.24516129032258,78.03225806451613
2018,08,pomorskie,18.73548387096774,80.83870967741936
2018,09,pomorskie,12.186206896551724,87.75862068965517
2018,10,pomorskie,5.244827586206896,93.58620689655173
2018,11,pomorskie,2.0933333333333333,94.0
2018,12,pomorskie,0.5516129032258065,93.38709677419355
2019,01,pomorskie,-2.1766666666666667,92.63333333333334
2019,02,pomorskie,0.16785714285714287,90.35714285714286
2019,03,pomorskie,2.1129032258064515,89.93548387096774
2019,04,pomorskie,7.456666666666666,64.96666666666667
2019,07,pomorskie,18.219354838709677,82.58064516129032
2019,08,pomorskie,17.529032258064515,81.25806451612904
2019,09,pomorskie,11.533333333333333,89.2
2019,10,pomorskie,7.141935483870968,95.09677419354838
2019,11,pomorskie,3.472413793103448,97.0
2019,12,pomorskie,1.2166666666666666,94.0
2020,01,pomorskie,1.1419354838709677,95.64516129032258
2020,02,pomorskie,1.5565217391304347,92.17391304347827
2020,03,pomorskie,1.210344827586207,82.6896551724138
2020,04,pomorskie,6.5633333333333335,70.96666666666667
2020,05,pomorskie,11.490322580645161,79.41935483870968
2020,06,pomorskie,19.426666666666666,81.96666666666667
2020,07,pomorskie,17.780645161290323,82.25806451612904
2020,08,pomorskie,17.16774193548387,81.58064516129032
2020,09,pomorskie,11.346666666666666,96.06666666666666
2020,10,pomorskie,7.867741935483871,98.19354838709677
2020,11,pomorskie,4.88,92.1
2020,12,pomorskie,0.5677419354838709,92.12903225806451
2021,01,pomorskie,-2.4322580645161294,92.25806451612904
2021,02,pomorskie,-6.134782608695652,90.69565217391305
2021,03,pomorskie,-0.0933333333333333,91.53333333333333
2021,04,pomorskie,4.983333333333333,79.03333333333333
2021,05,pomorskie,11.348387096774195,76.41935483870968
2021,06,pomorskie,21.646666666666665,64.83333333333333
2021,07,pomorskie,19.913333333333334,83.03333333333333
2021,08,pomorskie,14.851851851851851,86.74074074074075
2021,09,pomorskie,11.04814814814815,92.07407407407408
2021,10,pomorskie,5.473333333333333,94.76666666666667
2021,11,pomorskie,3.7800000000000002,95.33333333333333
2021,12,pomorskie,-2.170967741935484,95.96774193548387
2022,01,pomorskie,-0.2548387096774193,93.45161290322581
2022,02,pomorskie,-0.13214285714285712,91.85714285714286
2022,03,pomorskie,-2.1322580645161286,85.16129032258064
2022,04,pomorskie,4.946666666666667,78.73333333333333
2022,05,pomorskie,11.51290322580645,74.03225806451613
2022,06,pomorskie,17.521428571428572,73.67857142857143
2022,07,pomorskie,17.151851851851852,78.62962962962963
2022,08,pomorskie,18.43548387096774,81.74193548387096
2022,09,pomorskie,9.08,92.03333333333333
2022,10,pomorskie,8.080645161290322,95.61290322580645
2022,11,pomorskie,2.9433333333333334,94.2
2022,12,pomorskie,-2.096774193548387,95.35483870967742
2018,01,opolskie,0.9516129032258065,82.45161290322581
2018,02,opolskie,-4.680769230769231,83.84615384615384
2018,03,opolskie,-1.1333333333333333,81.36666666666666
2018,04,opolskie,12.356666666666666,71.73333333333333
2018,05,opolskie,16.870967741935484,75.87096774193549
2018,06,opolskie,18.586206896551722,77.51724137931035
2018,07,opolskie,20.216129032258067,75.38709677419355
2018,08,opolskie,20.52258064516129,76.93548387096774
2018,09,opolskie,13.413333333333332,86.56666666666666
2018,10,opolskie,7.783870967741936,85.45161290322581
2018,11,opolskie,3.1599999999999997,87.3
2018,12,opolskie,1.396774193548387,87.96774193548387
2019,01,opolskie,-1.82,86.7
2019,02,opolskie,-0.25000000000000006,84.32142857142857
2019,03,opolskie,3.5387096774193547,82.70967741935483
2019,04,opolskie,8.47,73.4
2019,07,opolskie,19.738709677419354,72.96774193548387
2019,08,opolskie,19.6,81.3225806451613
2019,09,opolskie,12.763333333333332,86.56666666666666
2019,10,opolskie,7.635483870967742,90.6774193548387
2019,11,opolskie,5.3533333333333335,87.4
2019,12,opolskie,2.206451612903226,84.35483870967742
2020,01,opolskie,-0.32258064516129037,87.09677419354838
2020,02,opolskie,3.072413793103448,81.72413793103448
2020,03,opolskie,2.0580645161290323,80.80645161290323
2020,04,opolskie,7.760000000000001,65.13333333333334
2020,05,opolskie,11.361290322580645,77.41935483870968
2020,06,opolskie,17.473333333333336,86.4
2020,07,opolskie,18.9,78.70967741935483
2020,08,opolskie,19.45483870967742,82.93548387096774
2020,09,opolskie,13.613333333333333,92.13333333333334
2020,10,opolskie,9.029032258064515,92.61290322580645
2020,11,opolskie,4.096666666666667,89.6
2020,12,opolskie,1.5,87.96774193548387
2021,01,opolskie,-1.0612903225806452,90.61290322580645
2021,02,opolskie,-2.867857142857143,87.32142857142857
2021,03,opolskie,1.506451612903226,84.35483870967742
2021,04,opolskie,5.6066666666666665,79.0
2021,05,opolskie,12.63225806451613,74.51612903225806
2021,06,opolskie,20.783333333333335,74.3
2021,07,opolskie,20.567741935483873,81.03225806451613
2021,08,opolskie,16.929032258064513,86.83870967741936
2021,09,opolskie,12.966666666666667,88.76666666666667
2021,10,opolskie,6.270967741935484,85.06451612903226
2021,11,opolskie,3.37,88.16666666666667
2021,12,opolskie,-0.6580645161290323,88.38709677419355
2022,01,opolskie,0.34838709677419355,84.80645161290323
2022,02,opolskie,2.1821428571428574,80.21428571428571
2022,03,opolskie,-0.45161290322580644,79.0
2022,04,opolskie,5.943333333333333,80.96666666666667
2022,05,opolskie,15.348387096774195,69.19354838709677
2022,06,opolskie,20.18,74.4
2022,07,opolskie,20.238709677419354,70.96774193548387
2022,08,opolskie,19.654838709677417,85.54838709677419
2022,09,opolskie,11.55,89.33333333333333
2022,10,opolskie,8.23225806451613,90.58064516129032
2022,11,opolskie,2.64,92.0
2022,12,opolskie,-0.003225806451612892,87.96774193548387
2018,01,świętokrzyskie,-1.3838709677419354,88.74193548387096
2018,02,świętokrzyskie,-5.885714285714286,89.0
2018,03,świętokrzyskie,-2.7733333333333334,86.96666666666667
2018,04,świętokrzyskie,13.466666666666667,78.7
2018,05,świętokrzyskie,20.393548387096775,67.87096774193549
2018,06,świętokrzyskie,20.153333333333332,73.56666666666666
2018,07,świętokrzyskie,20.39032258064516,77.35483870967742
2018,08,świętokrzyskie,20.04516129032258,82.80645161290323
2018,09,świętokrzyskie,12.913333333333332,90.6
2018,10,świętokrzyskie,6.238709677419355,91.90322580645162
2018,11,świętokrzyskie,1.3033333333333332,93.36666666666666
2018,12,świętokrzyskie,-0.2903225806451613,93.96774193548387
2019,01,świętokrzyskie,-4.27,90.06666666666666
2019,02,świętokrzyskie,-0.9214285714285715,88.92857142857143
2019,03,świętokrzyskie,2.232258064516129,86.7741935483871
2019,04,świętokrzyskie,8.53,69.66666666666667
2019,07,świętokrzyskie,18.863333333333333,76.4
2019,08,świętokrzyskie,18.205882352941178,89.11764705882354
2019,09,świętokrzyskie,12.370000000000001,89.8
2019,10,świętokrzyskie,6.7444444444444445,96.05555555555556
2019,11,świętokrzyskie,4.635294117647058,93.29411764705883
2019,12,świętokrzyskie,-0.0857142857142857,90.89285714285714
2020,01,świętokrzyskie,-1.238709677419355,91.96774193548387
2020,02,świętokrzyskie,0.6310344827586207,90.75862068965517
2020,03,świętokrzyskie,1.2096774193548387,80.35483870967742
2020,04,świętokrzyskie,7.510000000000001,65.4
2020,05,świętokrzyskie,11.383870967741935,77.83870967741936
2020,06,świętokrzyskie,18.483333333333334,85.56666666666666
2020,07,świętokrzyskie,18.980645161290322,80.51612903225806
2020,08,świętokrzyskie,20.112903225806452,77.54838709677419
2020,09,świętokrzyskie,12.370000000000001,92.93333333333334
2020,10,świętokrzyskie,7.800000000000001,92.25806451612904
2020,11,świętokrzyskie,2.996666666666667,92.83333333333333
2020,12,świętokrzyskie,0.06451612903225803,91.29032258064517
2021,01,świętokrzyskie,-3.7193548387096773,90.6774193548387
2021,02,świętokrzyskie,-5.364285714285714,88.21428571428571
2021,03,świętokrzyskie,-0.08064516129032258,87.83870967741936
2021,04,świętokrzyskie,5.283333333333333,81.8
2021,05,świętokrzyskie,12.774193548387096,75.06451612903226
2021,06,świętokrzyskie,21.493333333333332,69.9
2021,07,świętokrzyskie,21.629032258064516,80.09677419354838
2021,08,świętokrzyskie,15.687096774193549,91.70967741935483
2021,09,świętokrzyskie,11.446666666666665,90.06666666666666
2021,10,świętokrzyskie,5.354838709677419,88.03225806451613
2021,11,świętokrzyskie,2.393333333333333,93.16666666666667
2021,12,świętokrzyskie,-2.57741935483871,90.70967741935483
2022,01,świętokrzyskie,-1.0366666666666666,86.13333333333334
2022,02,świętokrzyskie,-0.021428571428571463,82.10714285714286
2022,03,świętokrzyskie,-0.9806451612903226,76.03225806451613
2022,04,świętokrzyskie,5.38,83.93333333333334
2022,05,świętokrzyskie,15.364516129032259,67.35483870967742
2022,06,świętokrzyskie,20.696666666666665,71.03333333333333
2022,07,świętokrzyskie,19.616129032258065,75.45161290322581
2022,08,świętokrzyskie,20.729032258064517,79.29032258064517
2022,09,świętokrzyskie,10.803333333333335,88.26666666666667
2022,10,świętokrzyskie,6.741935483870968,96.93548387096774
2022,11,świętokrzyskie,1.6333333333333333,94.9
2022,12,świętokrzyskie,-1.5774193548387097,92.7741935483871
2018,01,lubuskie,1.132258064516129,88.80645161290323
2018,02,lubuskie,-4.877777777777777,87.62962962962963
2018,03,lubuskie,-1.8966666666666667,80.1
2018,04,lubuskie,11.229999999999999,76.43333333333334
2018,05,lubuskie,17.177419354838708,67.06451612903226
2018,06,lubuskie,18.953333333333333,70.8
2018,07,lubuskie,20.206451612903226,72.29032258064517
2018,08,lubuskie,20.461290322580645,66.19354838709677
2018,09,lubuskie,13.81,76.7
2018,10,lubuskie,8.109677419354838,79.61290322580645
2018,11,lubuskie,2.5866666666666664,92.26666666666667
2018,12,lubuskie,2.074193548387097,95.09677419354838
2019,01,lubuskie,-1.2433333333333332,92.66666666666667
2019,02,lubuskie,0.7321428571428571,80.28571428571429
2019,03,lubuskie,3.664516129032258,87.03225806451613
2019,04,lubuskie,8.176666666666668,66.46666666666667
2019,07,lubuskie,18.80322580645161,75.19354838709677
2019,08,lubuskie,19.403333333333332,78.26666666666667
2019,09,lubuskie,12.496666666666666,82.7
2019,10,lubuskie,8.248387096774193,89.70967741935483
2019,11,lubuskie,4.196296296296296,93.37037037037037
2019,12,lubuskie,1.935483870967742,88.09677419354838
2020,01,lubuskie,1.3096774193548388,89.2258064516129
2020,02,lubuskie,3.027586206896552,85.55172413793103
2020,03,lubuskie,1.7161290322580647,77.83870967741936
2020,04,lubuskie,8.49,60.43333333333333
2020,05,lubuskie,11.780645161290321,74.38709677419355
2020,06,lubuskie,18.456666666666667,77.26666666666667
2020,07,lubuskie,18.703225806451613,73.80645161290323
2020,08,lubuskie,19.62258064516129,75.12903225806451
2020,09,lubuskie,13.356666666666666,83.5
2020,10,lubuskie,8.429032258064517,93.35483870967742
2020,11,lubuskie,4.526666666666667,92.4
2020,12,lubuskie,0.8193548387096774,91.87096774193549
2021,01,lubuskie,-1.7774193548387098,93.2258064516129
2021,02,lubuskie,-2.889285714285714,89.17857142857143
2021,03,lubuskie,1.7774193548387098,81.41935483870968
2021,04,lubuskie,4.59,76.46666666666667
2021,05,lubuskie,11.651612903225805,78.6774193548387
2021,06,lubuskie,21.08,66.86666666666666
2021,07,lubuskie,19.77741935483871,80.58064516129032
2021,08,lubuskie,16.393548387096775,84.0
2021,09,lubuskie,13.616666666666667,85.66666666666667
2021,10,lubuskie,6.712903225806452,85.45161290322581
2021,11,lubuskie,3.6933333333333334,94.26666666666667
2021,12,lubuskie,-0.8,93.54838709677419
2022,01,lubuskie,0.8387096774193548,92.2258064516129
2022,02,lubuskie,1.917857142857143,86.35714285714286
2022,03,lubuskie,0.7612903225806452,68.25806451612904
2022,04,lubuskie,6.433333333333334,72.26666666666667
2022,05,lubuskie,15.59032258064516,65.16129032258064
2022,06,lubuskie,19.823333333333334,72.26666666666667
2022,07,lubuskie,20.31935483870968,66.74193548387096
2022,08,lubuskie,20.154838709677417,77.2258064516129
2022,09,lubuskie,11.203333333333335,87.2
2022,10,lubuskie,9.37741935483871,92.38709677419355
2022,11,lubuskie,2.99,94.96666666666667
2022,12,lubuskie,-0.2,93.6774193548387
2018,01,mazowieckie,0.7548387096774193,82.25806451612904
2018,02,mazowieckie,-5.575,86.14285714285714
2018,03,mazowieckie,-2.3133333333333335,81.83333333333333
2018,04,mazowieckie,12.26,80.0
2018,05,mazowieckie,18.80322580645161,71.2258064516129
2018,06,mazowieckie,20.376666666666665,70.4
2018,07,mazowieckie,22.96451612903226,73.80645161290323
2018,08,mazowieckie,22.066666666666666,73.9
2018,09,mazowieckie,14.203333333333335,85.53333333333333
2018,10,mazowieckie,6.503225806451613,87.7741935483871
2018,11,mazowieckie,2.0566666666666666,91.3
2018,12,mazowieckie,1.9129032258064516,90.6774193548387
2019,01,mazowieckie,-1.1133333333333333,89.9
2019,02,mazowieckie,-0.7821428571428571,88.28571428571429
2019,03,mazowieckie,4.032258064516129,86.0
2019,04,mazowieckie,9.476666666666667,71.56666666666666
2019,07,mazowieckie,19.57741935483871,73.80645161290323
2019,08,mazowieckie,19.97241379310345,80.6896551724138
2019,09,mazowieckie,12.913333333333332,88.1
2019,10,mazowieckie,6.996774193548387,91.19354838709677
2019,11,mazowieckie,4.468965517241379,90.03448275862068
2019,12,mazowieckie,1.25,85.5
2020,01,mazowieckie,0.7483870967741937,89.0
2020,02,mazowieckie,3.3000000000000003,83.24137931034483
2020,03,mazowieckie,1.7733333333333334,80.86666666666666
2020,04,mazowieckie,9.503333333333334,65.83333333333333
2020,05,mazowieckie,12.116129032258065,76.74193548387096
2020,06,mazowieckie,18.423333333333336,83.43333333333334
2020,07,mazowieckie,19.266666666666666,76.26666666666667
2020,08,mazowieckie,19.79032258064516,79.7741935483871
2020,09,mazowieckie,13.03,92.83333333333333
2020,10,mazowieckie,8.438709677419356,91.58064516129032
2020,11,mazowieckie,3.8433333333333333,91.36666666666666
2020,12,mazowieckie,0.6161290322580646,88.90322580645162
2021,01,mazowieckie,-1.4806451612903226,89.45161290322581
2021,02,mazowieckie,-4.246428571428572,87.32142857142857
2021,03,mazowieckie,1.1451612903225807,86.2258064516129
2021,04,mazowieckie,6.15,78.06666666666666
2021,05,mazowieckie,13.832258064516129,77.16129032258064
2021,06,mazowieckie,23.596666666666668,69.4
2021,07,mazowieckie,21.470967741935485,81.83870967741936
2021,08,mazowieckie,17.774193548387096,84.64516129032258
2021,09,mazowieckie,13.873333333333333,88.03333333333333
2021,10,mazowieckie,5.270967741935484,90.2258064516129
2021,11,mazowieckie,3.55,92.26666666666667
2021,12,mazowieckie,-1.3548387096774193,91.45161290322581
2022,01,mazowieckie,0.5838709677419355,90.0
2022,02,mazowieckie,1.7464285714285714,85.75
2022,03,mazowieckie,-1.025806451612903,79.0
2022,04,mazowieckie,7.16,77.83333333333333
2022,05,mazowieckie,15.348387096774195,71.19354838709677
2022,06,mazowieckie,20.490000000000002,72.16666666666667
2022,07,mazowieckie,20.60967741935484,67.3225806451613
2022,08,mazowieckie,20.835483870967742,79.54838709677419
2022,09,mazowieckie,11.889999999999999,88.33333333333333
2022,10,mazowieckie,7.196774193548387,94.2258064516129
2022,11,mazowieckie,1.6733333333333331,92.66666666666667
2022,12,mazowieckie,-0.02903225806451617,88.19354838709677
2018,01,łódzkie,-1.2967741935483872,89.09677419354838
2018,02,łódzkie,-4.764285714285714,86.75
2018,03,łódzkie,-1.74,83.46666666666667
2018,04,łódzkie,12.1,79.89655172413794
2018,05,łódzkie,18.516666666666666,75.23333333333333
2018,06,łódzkie,19.946666666666665,76.9
2018,07,łódzkie,20.85,79.86666666666666
2018,08,łódzkie,21.43548387096774,84.12903225806451
2018,09,łódzkie,13.639999999999999,90.06666666666666
2018,10,łódzkie,6.254838709677419,91.96774193548387
2018,11,łódzkie,1.5933333333333335,92.03333333333333
2018,12,łódzkie,-0.012903225806451639,91.61290322580645
2019,01,łódzkie,-3.103448275862069,89.03448275862068
2019,02,łódzkie,-0.42857142857142855,86.53571428571429
2019,03,łódzkie,3.513793103448276,84.17241379310344
2019,04,łódzkie,9.033333333333333,70.8
2019,07,łódzkie,19.741935483870968,72.45161290322581
2019,08,łódzkie,20.217857142857145,81.42857142857143
2019,09,łódzkie,13.441379310344828,87.03448275862068
2019,10,łódzkie,7.08,93.0
2019,11,łódzkie,3.2413793103448274,92.86206896551724
2019,12,łódzkie,1.0172413793103448,88.20689655172414
2020,01,łódzkie,-0.07096774193548383,89.74193548387096
2020,02,łódzkie,1.7758620689655173,86.17241379310344
2020,03,łódzkie,2.229032258064516,80.74193548387096
2020,04,łódzkie,8.32,66.5
2020,05,łódzkie,11.158064516129032,78.3225806451613
2020,06,łódzkie,18.39333333333333,84.4
2020,07,łódzkie,18.919354838709676,79.12903225806451
2020,08,łódzkie,19.53548387096774,81.16129032258064
2020,09,łódzkie,13.396666666666667,92.5
2020,10,łódzkie,8.5,92.90322580645162
2020,11,łódzkie,3.4766666666666666,92.66666666666667
2020,12,łódzkie,0.6129032258064516,90.93548387096774
2021,01,łódzkie,-2.761290322580645,91.54838709677419
2021,02,łódzkie,-4.882142857142858,90.21428571428571
2021,03,łódzkie,0.9483870967741935,86.6774193548387
2021,04,łódzkie,5.2,82.76666666666667
2021,05,łódzkie,12.596774193548388,77.6774193548387
2021,06,łódzkie,21.40666666666667,75.1
2021,07,łódzkie,21.351612903225806,83.48387096774194
2021,08,łódzkie,16.24516129032258,90.87096774193549
2021,09,łódzkie,12.383333333333333,93.83333333333333
2021,10,łódzkie,5.380645161290323,91.74193548387096
2021,11,łódzkie,2.73,93.86666666666666
2021,12,łódzkie,-2.196774193548387,91.54838709677419
2022,01,łódzkie,-0.6419354838709678,91.25806451612904
2022,02,łódzkie,0.875,87.07142857142857
2022,03,łódzkie,0.6096774193548388,82.54838709677419
2022,04,łódzkie,6.586666666666667,86.06666666666666
2022,05,łódzkie,15.012903225806452,71.29032258064517
2022,06,łódzkie,19.933333333333334,76.66666666666667
2022,07,łódzkie,20.703225806451613,70.3225806451613
2022,08,łódzkie,20.461290322580645,86.16129032258064
2022,09,łódzkie,11.053333333333335,90.13333333333334
2022,10,łódzkie,7.77741935483871,93.45161290322581
2022,11,łódzkie,1.82,94.6
2022,12,łódzkie,-0.8161290322580645,89.80645161290323
2018,01,lubelskie,-1.6548387096774193,88.96774193548387
2018,02,lubelskie,-5.610714285714286,89.78571428571429
2018,03,lubelskie,-3.006666666666667,83.93333333333334
2018,04,lubelskie,13.33,74.9
2018,05,lubelskie,17.84193548387097,70.38709677419355
2018,06,lubelskie,19.675862068965518,72.44827586206897
2018,07,lubelskie,20.835483870967742,78.45161290322581
2018,08,lubelskie,21.154838709677417,79.61290322580645
2018,09,lubelskie,14.623333333333333,86.03333333333333
2018,10,lubelskie,7.148387096774194,88.41935483870968
2018,11,lubelskie,1.13,93.26666666666667
2018,12,lubelskie,-0.864516129032258,92.83870967741936
2019,01,lubelskie,-4.6033333333333335,89.76666666666667
2019,02,lubelskie,-0.4607142857142857,85.96428571428571
2019,03,lubelskie,3.4451612903225803,82.51612903225806
2019,04,lubelskie,9.74642857142857,68.0
2019,07,lubelskie,21.086666666666666,73.23333333333333
2019,08,lubelskie,19.207142857142856,86.85714285714286
2019,09,lubelskie,14.183333333333334,88.46666666666667
2019,10,lubelskie,6.376923076923077,95.38461538461539
2019,11,lubelskie,4.4818181818181815,95.0909090909091
2019,12,lubelskie,0.3193548387096775,90.41935483870968
2020,01,lubelskie,-0.6806451612903226,91.58064516129032
2020,02,lubelskie,0.4407407407407407,89.0
2020,03,lubelskie,2.7870967741935484,76.45161290322581
2020,04,lubelskie,10.729999999999999,58.233333333333334
2020,05,lubelskie,12.912903225806453,78.83870967741936
2020,06,lubelskie,19.373333333333335,86.8
2020,07,lubelskie,20.419354838709676,78.80645161290323
2020,08,lubelskie,22.061290322580643,78.12903225806451
2020,09,lubelskie,15.003333333333332,91.96666666666667
2020,10,lubelskie,8.48709677419355,94.45161290322581
2020,11,lubelskie,3.15,93.43333333333334
2020,12,lubelskie,0.06129032258064519,92.96774193548387
2021,01,lubelskie,-3.2516129032258063,92.09677419354838
2021,02,lubelskie,-6.114814814814815,90.4074074074074
2021,03,lubelskie,1.396774193548387,86.93548387096774
2021,04,lubelskie,6.5,79.93333333333334
2021,05,lubelskie,13.803225806451612,77.70967741935483
2021,06,lubelskie,22.64,71.46666666666667
2021,07,lubelskie,23.629032258064516,79.64516129032258
2021,08,lubelskie,17.793548387096774,88.29032258064517
2021,09,lubelskie,13.0,90.4
2021,10,lubelskie,5.948387096774193,84.25806451612904
2021,11,lubelskie,2.3699999999999997,91.5
2021,12,lubelskie,-2.5354838709677416,89.70967741935483
2022,01,lubelskie,-1.564516129032258,87.90322580645162
2022,02,lubelskie,-0.11785714285714284,86.10714285714286
2022,03,lubelskie,1.2967741935483872,77.19354838709677
2022,04,lubelskie,6.883333333333334,83.7
2022,05,lubelskie,15.141935483870967,71.29032258064517
2022,06,lubelskie,20.326666666666664,73.9
2022,07,lubelskie,19.46451612903226,76.29032258064517
2022,08,lubelskie,21.316129032258065,78.48387096774194
2022,09,lubelskie,11.173333333333334,88.3
2022,10,lubelskie,7.880645161290323,93.03225806451613
2022,11,lubelskie,2.2933333333333334,93.4
2022,12,lubelskie,-2.032258064516129,91.06451612903226
2018,01,wielkopolskie,0.3103448275862069,86.20689655172414
2018,02,wielkopolskie,-5.87037037037037,88.03703703703704
2018,03,wielkopolskie,-2.2666666666666666,83.43333333333334
2018,04,wielkopolskie,12.1,75.82758620689656
2018,05,wielkopolskie,19.48709677419355,64.41935483870968
2018,06,wielkopolskie,20.923333333333336,65.23333333333333
2018,07,wielkopolskie,21.287096774193547,73.80645161290323
2018,08,wielkopolskie,21.206451612903226,69.58064516129032
2018,09,wielkopolskie,14.056666666666667,81.83333333333333
2018,10,wielkopolskie,7.445161290322581,85.25806451612904
2018,11,wielkopolskie,2.6133333333333337,89.33333333333333
2018,12,wielkopolskie,1.9548387096774191,90.45161290322581
2019,01,wielkopolskie,-1.2866666666666666,91.23333333333333
2019,02,wielkopolskie,-0.2178571428571428,85.67857142857143
2019,03,wielkopolskie,4.367741935483871,84.16129032258064
2019,04,wielkopolskie,9.51,65.3
2019,07,wielkopolskie,19.959999999999997,70.73333333333333
2019,08,wielkopolskie,20.333333333333332,79.72222222222223
2019,09,wielkopolskie,12.875862068965516,87.0
2019,10,wielkopolskie,7.285714285714286,93.0
2019,11,wielkopolskie,5.966666666666666,92.11111111111111
2019,12,wielkopolskie,2.022222222222222,88.70370370370371
2020,01,wielkopolskie,1.75,91.53333333333333
2020,02,wielkopolskie,3.1551724137931036,84.3103448275862
2020,03,wielkopolskie,2.0482758620689654,80.20689655172414
2020,04,wielkopolskie,7.592307692307693,65.84615384615384
2020,05,wielkopolskie,12.020000000000001,71.76666666666667
2020,06,wielkopolskie,18.623333333333335,78.4
2020,07,wielkopolskie,19.606896551724137,72.06896551724138
2020,08,wielkopolskie,20.366666666666667,75.1
2020,09,wielkopolskie,13.275,88.85714285714286
2020,10,wielkopolskie,8.773333333333333,91.43333333333334
2020,11,wielkopolskie,4.73,92.4
2020,12,wielkopolskie,1.0,91.54838709677419
2021,01,wielkopolskie,-1.1709677419354838,92.70967741935483
2021,02,wielkopolskie,-3.7821428571428575,90.89285714285714
2021,03,wielkopolskie,0.864516129032258,88.16129032258064
2021,04,wielkopolskie,5.826666666666666,79.73333333333333
2021,05,wielkopolskie,13.922580645161291,76.90322580645162
2021,06,wielkopolskie,22.696666666666665,65.53333333333333
2021,07,wielkopolskie,21.187096774193545,78.7741935483871
2021,08,wielkopolskie,17.567741935483873,81.74193548387096
2021,09,wielkopolskie,14.067857142857141,86.92857142857143
2021,10,wielkopolskie,6.6,89.51612903225806
2021,11,wielkopolskie,4.25,92.96666666666667
2021,12,wielkopolskie,-1.6193548387096774,92.70967741935483
2022,01,wielkopolskie,0.20000000000000004,91.48387096774194
2022,02,wielkopolskie,2.2535714285714286,85.42857142857143
2022,03,wielkopolskie,0.18387096774193543,77.2258064516129
2022,04,wielkopolskie,7.54,75.46666666666667
2022,05,wielkopolskie,15.170967741935485,65.2258064516129
2022,06,wielkopolskie,20.053333333333335,70.23333333333333
2022,07,wielkopolskie,20.72258064516129,67.70967741935483
2022,08,wielkopolskie,21.13225806451613,76.3225806451613
2022,09,wielkopolskie,11.773333333333333,85.93333333333334
2022,10,wielkopolskie,8.341935483870968,93.80645161290323
2022,11,wielkopolskie,3.0433333333333334,94.26666666666667
2022,12,wielkopolskie,-0.11290322580645161,90.83870967741936
2018,01,zachodniopomorskie,0.7129032258064517,89.12903225806451
2018,02,zachodniopomorskie,-4.377777777777778,89.03703703703704
2018,03,zachodniopomorskie,-2.5566666666666666,86.5
2018,04,zachodniopomorskie,9.453333333333335,82.5
2018,05,zachodniopomorskie,15.95483870967742,73.6774193548387
2018,06,zachodniopomorskie,18.69,73.73333333333333
2018,07,zachodniopomorskie,19.758064516129032,82.74193548387096
2018,08,zachodniopomorskie,19.480645161290322,78.09677419354838
2018,09,zachodniopomorskie,13.003333333333334,85.1
2018,10,zachodniopomorskie,6.783870967741936,86.38709677419355
2018,11,zachodniopomorskie,2.466666666666667,88.36666666666666
2018,12,zachodniopomorskie,2.4000000000000004,90.96774193548387
2019,01,zachodniopomorskie,-0.2833333333333333,89.26666666666667
2019,02,zachodniopomorskie,1.223076923076923,86.07692307692308
2019,03,zachodniopomorskie,3.6774193548387095,88.35483870967742
2019,04,zachodniopomorskie,7.22,75.96666666666667
2019,07,zachodniopomorskie,18.396774193548385,84.48387096774194
2019,08,zachodniopomorskie,18.16521739130435,86.26086956521739
2019,09,zachodniopomorskie,12.2,90.43333333333334
2019,10,zachodniopomorskie,7.077272727272727,94.18181818181819
2019,11,zachodniopomorskie,5.3,93.0
2019,12,zachodniopomorskie,2.0258064516129033,89.0
2020,01,zachodniopomorskie,2.71,91.5
2020,02,zachodniopomorskie,3.075862068965517,86.41379310344827
2020,03,zachodniopomorskie,1.4866666666666668,83.33333333333333
2020,04,zachodniopomorskie,6.72,75.63333333333334
2020,05,zachodniopomorskie,11.14516129032258,82.64516129032258
2020,06,zachodniopomorskie,18.083333333333332,82.93333333333334
2020,07,zachodniopomorskie,17.920689655172417,82.89655172413794
2020,08,zachodniopomorskie,18.54137931034483,82.6896551724138
2020,09,zachodniopomorskie,12.413793103448276,93.0
2020,10,zachodniopomorskie,8.773076923076923,91.96153846153847
2020,11,zachodniopomorskie,5.286666666666666,92.1
2020,12,zachodniopomorskie,1.2096774193548387,91.09677419354838
2021,01,zachodniopomorskie,-1.0387096774193547,92.03225806451613
2021,02,zachodniopomorskie,-3.7178571428571425,88.35714285714286
2021,03,zachodniopomorskie,1.535483870967742,90.45161290322581
2021,04,zachodniopomorskie,4.8533333333333335,85.6
2021,05,zachodniopomorskie,12.023333333333333,83.36666666666666
2021,06,zachodniopomorskie,21.126666666666665,76.7
2021,07,zachodniopomorskie,20.874193548387098,83.6774193548387
2021,08,zachodniopomorskie,16.287096774193547,86.96774193548387
2021,09,zachodniopomorskie,13.366666666666667,91.1
2021,10,zachodniopomorskie,6.903333333333333,88.93333333333334
2021,11,zachodniopomorskie,4.803333333333333,91.4
2021,12,zachodniopomorskie,-0.85,89.0
2022,01,zachodniopomorskie,1.0903225806451613,87.45161290322581
2022,02,zachodniopomorskie,1.5892857142857142,84.92857142857143
2022,03,zachodniopomorskie,0.003225806451612949,78.90322580645162
2022,04,zachodniopomorskie,5.966666666666667,80.76666666666667
2022,05,zachodniopomorskie,13.119354838709677,79.03225806451613
2022,06,zachodniopomorskie,18.685714285714287,79.21428571428571
2022,07,zachodniopomorskie,18.46451612903226,80.74193548387096
2022,08,zachodniopomorskie,20.280645161290323,84.03225806451613
2022,09,zachodniopomorskie,11.256666666666666,88.63333333333334
2022,10,zachodniopomorskie,8.458064516129031,92.87096774193549
2022,11,zachodniopomorskie,3.8241379310344827,90.03448275862068
2022,12,zachodniopomorskie,-0.9064516129032258,90.38709677419355
2018,01,kujawsko-pomorskie,-0.14516129032258063,87.83870967741936
2018,02,kujawsko-pomorskie,-5.214814814814815,88.14814814814815
2018,03,kujawsko-pomorskie,-2.1799999999999997,83.83333333333333
2018,04,kujawsko-pomorskie,10.979999999999999,75.76666666666667
2018,05,kujawsko-pomorskie,17.693548387096776,66.3225806451613
2018,06,kujawsko-pomorskie,20.946666666666665,64.9
2018,07,kujawsko-pomorskie,20.919354838709676,76.96774193548387
2018,08,kujawsko-pomorskie,20.751612903225805,74.93548387096774
2018,09,kujawsko-pomorskie,14.136666666666665,84.03333333333333
2018,10,kujawsko-pomorskie,6.896774193548388,88.58064516129032
2018,11,kujawsko-pomorskie,3.262068965517241,90.3103448275862
2018,12,kujawsko-pomorskie,1.1387096774193548,90.2258064516129
2019,01,kujawsko-pomorskie,-1.49,88.9
2019,02,kujawsko-pomorskie,-0.08571428571428576,87.10714285714286
2019,03,kujawsko-pomorskie,3.5935483870967744,85.29032258064517
2019,04,kujawsko-pomorskie,8.316666666666666,64.26666666666667
2019,07,kujawsko-pomorskie,19.793548387096774,74.03225806451613
2019,08,kujawsko-pomorskie,19.01875,82.875
2019,09,kujawsko-pomorskie,12.683333333333334,85.9
2019,10,kujawsko-pomorskie,7.376470588235295,92.76470588235294
2019,11,kujawsko-pomorskie,4.984210526315789,95.05263157894737
2019,12,kujawsko-pomorskie,1.441935483870968,91.80645161290323
2020,01,kujawsko-pomorskie,0.8806451612903226,92.6774193548387
2020,02,kujawsko-pomorskie,2.1310344827586207,85.34482758620689
2020,03,kujawsko-pomorskie,1.7096774193548387,79.38709677419355
2020,04,kujawsko-pomorskie,7.79,65.23333333333333
2020,05,kujawsko-pomorskie,12.151612903225805,74.48387096774194
2020,06,kujawsko-pomorskie,18.446666666666665,82.16666666666667
2020,07,kujawsko-pomorskie,19.061290322580643,77.54838709677419
2020,08,kujawsko-pomorskie,19.183870967741935,78.7741935483871
2020,09,kujawsko-pomorskie,12.596666666666666,89.93333333333334
2020,10,kujawsko-pomorskie,8.319354838709677,92.83870967741936
2020,11,kujawsko-pomorskie,4.626666666666667,91.0
2020,12,kujawsko-pomorskie,0.8129032258064515,89.54838709677419
2021,01,kujawsko-pomorskie,-2.0161290322580645,90.29032258064517
2021,02,kujawsko-pomorskie,-4.8,90.71428571428571
2021,03,kujawsko-pomorskie,1.0548387096774194,87.29032258064517
2021,04,kujawsko-pomorskie,5.5,79.63333333333334
2021,05,kujawsko-pomorskie,12.483870967741936,74.90322580645162
2021,06,kujawsko-pomorskie,21.796666666666667,65.3
2021,07,kujawsko-pomorskie,21.238709677419354,83.54838709677419
2021,08,kujawsko-pomorskie,16.812903225806455,85.87096774193549
2021,09,kujawsko-pomorskie,13.05,89.9
2021,10,kujawsko-pomorskie,6.158064516129032,92.09677419354838
2021,11,kujawsko-pomorskie,4.0,93.26666666666667
2021,12,kujawsko-pomorskie,-2.429032258064516,91.64516129032258
2022,01,kujawsko-pomorskie,0.2967741935483871,91.83870967741936
2022,02,kujawsko-pomorskie,0.8535714285714285,87.96428571428571
2022,03,kujawsko-pomorskie,-0.9387096774193548,79.96774193548387
2022,04,kujawsko-pomorskie,6.156666666666666,74.53333333333333
2022,05,kujawsko-pomorskie,14.30967741935484,64.38709677419355
2022,06,kujawsko-pomorskie,19.133333333333333,73.93333333333334
2022,07,kujawsko-pomorskie,20.006451612903227,73.29032258064517
2022,08,kujawsko-pomorskie,20.64516129032258,78.7741935483871
2022,09,kujawsko-pomorskie,10.743333333333334,88.26666666666667
2022,10,kujawsko-pomorskie,8.270967741935483,96.19354838709677
2022,11,kujawsko-pomorskie,2.743333333333333,93.36666666666666
2022,12,kujawsko-pomorskie,-0.39354838709677414,90.93548387096774
2018,01,warmińsko-mazurskie,-1.6483870967741936,88.64516129032258
2018,02,warmińsko-mazurskie,-6.578571428571428,89.28571428571429
2018,03,warmińsko-mazurskie,-2.648387096774193,83.90322580645162
2018,04,warmińsko-mazurskie,11.616666666666667,78.2
2018,05,warmińsko-mazurskie,21.26774193548387,70.35483870967742
2018,06,warmińsko-mazurskie,21.59333333333333,69.66666666666667
2018,07,warmińsko-mazurskie,22.86774193548387,83.51612903225806
2018,08,warmińsko-mazurskie,22.94516129032258,80.06451612903226
2018,09,warmińsko-mazurskie,15.1,87.93103448275862
2018,10,warmińsko-mazurskie,5.554838709677419,89.83870967741936
2018,11,warmińsko-mazurskie,2.7517241379310344,90.13793103448276
2018,12,warmińsko-mazurskie,0.05333333333333336,91.3
2019,01,warmińsko-mazurskie,-3.725806451612903,87.19354838709677
2019,02,warmińsko-mazurskie,0.017857142857142856,86.60714285714286
2019,03,warmińsko-mazurskie,3.383870967741936,81.93548387096774
2019,04,warmińsko-mazurskie,10.926666666666668,61.4
2019,07,warmińsko-mazurskie,20.23548387096774,80.06451612903226
2019,08,warmińsko-mazurskie,18.81,86.85
2019,09,warmińsko-mazurskie,13.426666666666668,84.56666666666666
2019,10,warmińsko-mazurskie,6.794117647058823,91.6470588235294
2019,11,warmińsko-mazurskie,5.531578947368421,91.94736842105263
2019,12,warmińsko-mazurskie,1.0272727272727273,90.54545454545455
2020,01,warmińsko-mazurskie,1.467741935483871,89.35483870967742
2020,02,warmińsko-mazurskie,0.9,85.92857142857143
2020,03,warmińsko-mazurskie,2.0451612903225804,80.83870967741936
2020,04,warmińsko-mazurskie,7.41,68.23333333333333
2020,05,warmińsko-mazurskie,10.845161290322581,79.25806451612904
2020,06,warmińsko-mazurskie,19.386666666666667,81.46666666666667
2020,07,warmińsko-mazurskie,19.635483870967743,77.93548387096774
2020,08,warmińsko-mazurskie,19.480645161290322,81.51612903225806
2020,09,warmińsko-mazurskie,13.65,88.4
2020,10,warmińsko-mazurskie,8.506451612903225,93.58064516129032
2020,11,warmińsko-mazurskie,4.73,93.7
2020,12,warmińsko-mazurskie,0.6032258064516128,89.3225806451613
2021,01,warmińsko-mazurskie,-3.429032258064516,90.2258064516129
2021,02,warmińsko-mazurskie,-7.153571428571429,88.67857142857143
2021,03,warmińsko-mazurskie,0.6580645161290322,88.83870967741936
2021,04,warmińsko-mazurskie,5.353571428571429,79.75
2021,05,warmińsko-mazurskie,12.59032258064516,75.19354838709677
2021,06,warmińsko-mazurskie,21.373333333333335,69.66666666666667
2021,07,warmińsko-mazurskie,21.86774193548387,81.3225806451613
2021,08,warmińsko-mazurskie,16.193548387096776,86.45161290322581
2021,09,warmińsko-mazurskie,12.206666666666667,91.8
2021,10,warmińsko-mazurskie,5.716129032258064,89.7741935483871
2021,11,warmińsko-mazurskie,3.7333333333333334,94.83333333333333
2021,12,warmińsko-mazurskie,-2.8548387096774195,92.80645161290323
2022,01,warmińsko-mazurskie,-0.49354838709677423,94.12903225806451
2022,02,warmińsko-mazurskie,-0.07142857142857147,89.85714285714286
2022,03,warmińsko-mazurskie,-0.6064516129032258,82.41935483870968
2022,04,warmińsko-mazurskie,5.819999999999999,77.4
2022,05,warmińsko-mazurskie,12.399999999999999,73.3225806451613
2022,06,warmińsko-mazurskie,18.973333333333336,79.0
2022,07,warmińsko-mazurskie,18.809677419354838,78.61290322580645
2022,08,warmińsko-mazurskie,20.46451612903226,80.51612903225806
2022,09,warmińsko-mazurskie,10.876666666666667,90.3
2022,10,warmińsko-mazurskie,8.600000000000001,94.12903225806451
2022,11,warmińsko-mazurskie,2.9,91.2
2022,12,warmińsko-mazurskie,-1.7225806451612902,91.80645161290323
2018,01,podlaskie,-2.1,89.23333333333333
2018,02,podlaskie,-5.7749999999999995,86.28571428571429
2018,03,podlaskie,-2.85,81.5
2018,04,podlaskie,10.982758620689655,78.20689655172414
2018,05,podlaskie,18.596774193548388,65.35483870967742
2018,06,podlaskie,20.836666666666666,63.666666666666664
2018,07,podlaskie,20.39032258064516,83.2258064516129
2018,08,podlaskie,21.503225806451614,79.64516129032258
2018,09,podlaskie,14.253333333333334,88.96666666666667
2018,10,podlaskie,5.658064516129032,94.16129032258064
2018,11,podlaskie,2.317241379310345,94.0
2018,12,podlaskie,-0.9580645161290322,95.58064516129032
2019,01,podlaskie,-4.951612903225806,91.29032258064517
2019,02,podlaskie,-0.2785714285714285,88.67857142857143
2019,03,podlaskie,2.47741935483871,85.6774193548387
2019,04,podlaskie,9.7,60.2
2019,07,podlaskie,19.019354838709678,79.38709677419355
2019,08,podlaskie,19.16923076923077,90.53846153846153
2019,09,podlaskie,13.053333333333335,86.5
2019,10,podlaskie,7.625,91.66666666666667
2019,11,podlaskie,4.613636363636363,91.45454545454545
2019,12,podlaskie,0.8419354838709677,91.0
2020,01,podlaskie,0.8387096774193549,91.74193548387096
2020,02,podlaskie,0.14827586206896554,87.72413793103448
2020,03,podlaskie,1.4709677419354839,80.12903225806451
2020,04,podlaskie,8.836666666666668,61.833333333333336
2020,05,podlaskie,12.396774193548387,74.38709677419355
2020,06,podlaskie,20.53666666666667,78.13333333333334
2020,07,podlaskie,21.02258064516129,77.16129032258064
2020,08,podlaskie,21.15806451612903,79.70967741935483
2020,09,podlaskie,13.643333333333334,94.0
2020,10,podlaskie,8.916129032258064,95.6774193548387
2020,11,podlaskie,3.8699999999999997,95.1
2020,12,podlaskie,-0.27419354838709675,92.64516129032258
2021,01,podlaskie,-5.003225806451613,93.87096774193549
2021,02,podlaskie,-8.203571428571427,90.71428571428571
2021,03,podlaskie,0.48064516129032253,90.03225806451613
2021,04,podlaskie,7.013333333333334,79.3
2021,05,podlaskie,13.516129032258064,77.70967741935483
2021,06,podlaskie,23.453333333333333,66.93333333333334
2021,07,podlaskie,24.900000000000002,78.28571428571429
2021,08,podlaskie,17.59032258064516,89.83870967741936
2021,09,podlaskie,12.04,93.63333333333334
2021,10,podlaskie,5.135483870967741,88.70967741935483
2021,11,podlaskie,3.14,92.43333333333334
2021,12,podlaskie,-3.7096774193548385,90.96774193548387
2022,01,podlaskie,-1.4774193548387098,89.61290322580645
2022,02,podlaskie,-0.5392857142857144,86.39285714285714
2022,03,podlaskie,-0.6451612903225806,80.6774193548387
2022,04,podlaskie,6.036666666666666,78.3
2022,05,podlaskie,12.838709677419354,67.58064516129032
2022,06,podlaskie,20.37,73.63333333333334
2022,07,podlaskie,19.538709677419355,80.09677419354838
2022,08,podlaskie,21.509677419354837,78.80645161290323
2022,09,podlaskie,10.533333333333333,91.13333333333334
2022,10,podlaskie,7.632258064516129,94.61290322580645
2022,11,podlaskie,1.2733333333333334,93.93333333333334
2022,12,podlaskie,-2.141935483870968,91.83870967741936
